{
  "cv": {
    "roc_auc": 0.7131186519131049,
    "accuracy": 0.6524622987365782
  },
  "test": {
    "final_auc": 0.7257089750063115,
    "final_accuracy": 0.6617259138299209
  },
  "best_params": {
    "classifier": "RandomForest",
    "rf_n_estimators": 347,
    "rf_max_depth": 30
  }
}